{"average error": 0.10794, "rmse": 0.13819, "error rate(%)": 396.03958}