{"average error": 0.10575, "rmse": 0.13617, "error rate(%)": 378.94317}